206566, Max Crocombe, 65, GK, , https://cdn.fifacm.com/content/media/imgs/fc24/players/p206566.png?v=22
220886, Bill Tuiloma, 66, CB, , https://cdn.fifacm.com/content/media/imgs/fc24/players/p220886.png?v=22
202170, Michael Boxall, 69, CB, , https://cdn.fifacm.com/content/media/imgs/fc24/players/p202170.png?v=22
254143, Nando Pijnaker, 62, CB, , https://cdn.fifacm.com/content/media/imgs/fc24/players/p254143.png?v=22
242429, Liberato Cacace, 71, LB | LWB | LM, , https://cdn.fifacm.com/content/media/imgs/fc24/players/p242429.png?v=22
259680, Marko StameniÄ‡, 71, CDM | CM, , https://cdn.fifacm.com/content/media/imgs/fc24/players/p259680.png?v=22
255360, Matthew Garbett, 67, CAM | CM, , https://cdn.fifacm.com/content/media/imgs/fc24/players/p255360.png?v=22
232669, Sarpreet Singh, 67, CAM | RM | LM, , https://cdn.fifacm.com/content/media/imgs/fc24/players/p232669.png?v=22
243666, Callum McCowatt, 66, CF | LM | CM, , https://cdn.fifacm.com/content/media/imgs/fc24/players/p243666.png?v=22
192123, Chris Wood, 75, ST, , https://cdn.fifacm.com/content/media/imgs/fc24/players/p192123.png?v=22
254136, Elijah Just, 65, RW | CF | LW, , https://cdn.fifacm.com/content/media/imgs/fc24/players/p254136.png?v=22
266150, Finn Surman, 64, CB, , https://cdn.fifacm.com/content/media/imgs/fc24/players/p266150.png?v=22
254138, Max Mata, 62, ST, , https://cdn.fifacm.com/content/media/imgs/fc24/players/p254138.png?v=22
193092, Marco Rojas, 68, LM | RM, , https://cdn.fifacm.com/content/media/imgs/fc24/players/p193092.png?v=22
245539, Ben Waine, 64, ST, , https://cdn.fifacm.com/content/media/imgs/fc24/players/p245539.png?v=22
231063, Clayton Lewis, 67, CDM | CM, , https://cdn.fifacm.com/content/media/imgs/fc24/players/p231063.png?v=22
254142, Joe Bell, 67, CM | CDM, , https://cdn.fifacm.com/content/media/imgs/fc24/players/p254142.png?v=22
263851, Alex Paulsen, 68, GK, , https://cdn.fifacm.com/content/media/imgs/fc24/players/p263851.png?v=22
277552, Tyler Bindon, 66, CB | RB, , https://cdn.fifacm.com/content/media/imgs/fc24/players/p277552.png?v=22
242954, Niko Kirwan, 63, RB | LB | RM, , https://cdn.fifacm.com/content/media/imgs/fc24/players/p242954.png?v=22
264691, Dalton Wilkins, 60, LB | RB | LM, , https://cdn.fifacm.com/content/media/imgs/fc24/players/p264691.png?v=22
235860, Michael Woud, 62, GK, , https://cdn.fifacm.com/content/media/imgs/fc24/players/p235860.png?v=22
278220, Matt Dibley-Dias, 58, CM | CDM, , https://cdn.fifacm.com/content/media/imgs/fc24/players/p278220.png?v=22
240633, Joseph Champness, 65, LW | LM, , https://cdn.fifacm.com/content/media/imgs/fc24/players/p240633.png?v=22
266545, Alex Greive, 63, ST, , https://cdn.fifacm.com/content/media/imgs/fc24/players/p266545.png?v=22
246195, Callan Elliot, 63, RB, , https://cdn.fifacm.com/content/media/imgs/fc24/players/p246195.png?v=22
